Name,Link
tcs (tata consultancy services),['https://www.tcs.com/careers']
infosys,"[' https://career.infosys.com/joblist', 'https://www.infosys.com/careers']"
wipro,"[' https://careers.wipro.com/careers-home/', 'https://careers.wipro.com/']"
hcl technologies,['https://www.hcltech.com/careers']
tech mahindra,"[' https://careers.techmahindra.com/', ' \\<https://careers.techmahindra.com/\\>', 'https://careers.techmahindra.com/']"
cognizant,"[' https://careers.cognizant.com/global/en', 'https://careers.cognizant.com/']"
l&t infotech,['https://careers.lntinfotech.com/']
mindtree,"[' https://www.mindtree.com/careers', ' \\<https://www.mindtree.com/careers\\>', 'https://www.mindtree.com/careers']"
hexaware,"[' https://jobs.hexaware.com/', 'https://jobs.hexaware.com/']"
oracle financial services,['https://www.oracle.com/corporate/careers/index.html']
accenture india,['https://www.accenture.com/in']
ibm india,['https://www.ibm.com/in']
dell emc india,['https://jobs.dell.com/']
hp india,['https://jobs.hp.com/']
cisco systems india,['https://jobs.cisco.com/']
microsoft india,['https://careers.microsoft.com/us/en']
sap india,['https://www.sap.com/india/careers.html']
genpact,"[' https://www.genpact.com/careers', ' \\<http://www.genpact.com/home/careers\\>', 'https://www.genpact.com/careers']"
conduent,['https://careers.conduent.com/']
aegis,['https://www.aegisglobal.com/careers']
zensar technologies,['https://www.zensar.com/careers']
niit technologies,['https://careers.niit']
cyient,['https://careers.cyient.com/']
sonata software,['https://www.sonata']
larsen & toubro infotech,[]
mphasis,['https://careers.mphasis.com/']
birlasoft,"[' https://www.birlasoft.com/careers/current-openings', ' \\<https://www.birlasoft.com/careers/current-openings\\>', 'https://www.birlasoft.com/careers']"
igate,['https://careers.igate.com/']
patni computer systems,['https://careers.patni.com/']
syntel,"[' \\<http://www.syntelinc.com/careers\\>', 'https://careers.syntelinc.com/']"
wns global services,['https://careers.wns.com/']
exl service,['https://careers.exlservice.com/']
hinduja global solutions,['https://careers.hindujaglobalsolutions.com/']
firstsource solutions,['https://careers.firstsource.com/']
intelenet global services,['https://careers.intelenetglobal.com/']
serco global services,['https://careers.serco.com/']
sutherland global services,['https://careers.sutherlandglobal.com/']
aditya birla minacs,['https://careers.adityabirlaminacs.com/']
amdocs india,['https://careers.amdocs.com/']
wipro bpo,['https://careers.wipro.com/bpo/']
hcl bpo,['https://careers.hcltech.com/bpo/']
conneqt business solutions,['https://careers.conneqt.com/']
css corp,['https://careers.csscorp.com/']
3i infotech,['https://careers.3i']
polaris consulting & services,['https://careers.polarisconsulting.com/']
virtusa,"[' https://www.virtusa.com/careers/job-search', 'https://careers.virtusa.com/']"
kpit technologies,['https://careers.kpit.com/']
persistent systems,['https://careers.persistent.com/']
eclerx,['https://careers.eclerx.com/']
datamatics,['https://careers.datamatics.com/']
mastek,['https://careers.mastek.com/']
rolta india,['https://careers.rolta.com/']
allied digital services,['https://careers.allieddigital.net/']
zenith infotech,['https://careers.zenithinfotech.com/']
ntt data india,['https://careers.nttdata.com/']
fujitsu consulting india,['https://careers.fujitsu.com/']
hitachi consulting india,['https://careers.hitachiconsulting.com/']
nec india,['https://careers.nec.com/']
panasonic india,['https://careers.panasonic.com/']
ricoh india,['https://careers.ricoh.com/']
toshiba india,['https://careers.toshiba.com/']
unisys india,['https://careers.unisys.com/']
xerox india,['https://careers.xerox.com/']
zoho corporation,['https://careers.zoho.com/']
freshworks,['https://careers.freshworks.com/']
inmobi,['https://careers.inmobi.com/']
paytm,['https://careers.paytm.com/']
ola,['https://careers.olacabs.com/']
flipkart,"[' https://www.flipkartcareers.com/#!/joblist', ' https://www.flipkartcareers.com/#!/joblist', 'https://careers.flipkart.com/']"
amazon development centre india,['https://www.amazon.jobs/en/teams/in']
google india,['https://careers.google.com/']
facebook india,['https://www.facebook.com/careers/']
microsoft india development centre,['https://careers.microsoft.com/us/en']
ibm india software labs,['https://www.ibm.com/in']
oracle india pvt ltd,['https://www.oracle.com/corporate/careers/index.html']
sap labs india,['https://www.sap.com/india/careers.html']
accenture labs india,['https://www.accenture.com/in']
l&t technology services,[]
niit,[]
capgemini,[' https://www.capgemini.com/careers/join-us/#size=15']
lti,[' https://careers.lntinfotech.com/search/']
tcs,"[' https://www.tcs.com/careers?country=IN&lang=EN', ' \\<http://www.tcs.com/careers?country=']"
dxc technology,"[' https://careers.dxc.com/global/en/home', ' https://careers.dxc.com/global/en', ' \\<https://careers.dxc.com/global/en\\>']"
hcl,[' https://www.hcltech.com/careers/Careers-in-india']
hashedin,[' https://hashedin.com/careers/#opportunities']
revature,[' https://revature.com/in/jobs/apply/']
ibm,"[' https://www.ibm.com/in-en/employment/', ' https://www.ibm.com/in-en/careers/search', ' \\<https://www.ibm.com/in-en/careers/search\\>']"
nagarro,[' https://www.nagarro.com/en/careers']
zoho,"[' https://www.zoho.com/careers/', ' https://careers.zohocorp.com/jobs/Careers', ' \\<https://careers.zohocorp.com/jobs/Careers\\>']"
cgi,[' https://cgi.njoyn.com/CGI/xweb/xweb.asp?page=JobListing&CLID=21001&lang=1']
finastra,[' https://careers.finastra.com/jobs']
fis,[' https://careers.fisglobal.com/us/en/c/fis-university-programinterns-jobs']
fiserv,[' https://fiserv.wd5.myworkdayjobs.com/en-US/EXT']
iqvia,[' https://jobs.iqvia.com/search-jobs']
jio,[' https://careers.jio.com/frmJobCategories.aspx?n=1']
maq software,[' https://maqsoftware.com/careers#']
optum,[' https://careers.unitedhealthgroup.com/job-search-results/']
publicis sapient,"[' https://careers.publicissapient.com/job-search?&country=India', ' https://careers.publicissapient.com/', ' \\<https://careers.publicissapient.com/\\>']"
geekyants,[' https://geekyants.com/join-geekyants/']
accolite,"[' https://www.accolite.com/careers/jobs-in-india', ' \\<https://www.accolite.com/careers/jobs-in-india\\>']"
airtel,"[' https://eeji.fa.em3.oraclecloud.com/hcmUI/CandidateExperience/en/sites/CX_1/requisitions', ' \\<https://eeji.fa.em3.oraclecloud.com/hcmUI/CandidateExperience/en/sites/CX_1/requisitions\\>']"
ea,"[' https://ea.gr8people.com/jobs', ' \\<https://ea.gr8people.com/jobs\\>']"
gartner,"[' https://jobs.gartner.com/jobs/', ' \\<https://jobs.gartner.com/jobs\\>']"
harman,"[' https://jobs.harman.com/search-jobs/India?orgIds=23226&alp=1269750&alt=2', ' https://jobs.harman.com/en_US/careers/yourcareer', ' \\<https://jobs.harman.com/search-jobs/India?orgIds=23226&alp=1269750&alt=2\\>']"
yellow,"[' https://jobs.lever.co/yellowai', ' \\<https://jobs.lever.co/yellowai\\>']"
seimens,[' https://jobs.siemens.com/jobs']
samsung,"[' https://sec.wd3.myworkdayjobs.com/Samsung_Careers', ' \\<https://sec.wd3.myworkdayjobs.com/Samsung_Careers\\>']"
vmware,"[' https://careers.vmware.com/main/', ' \\<https://careers.vmware.com/main/\\>']"
adobe,"[' https://careers.adobe.com/us/en', ' https://careers.adobe.com/us/en', ' \\<https://careers.adobe.com/us/en\\>']"
amazon,"[' https://www.amazon.jobs/en-gb/job_categories/software-development', ' https://www.amazon.jobs/en/teams/in', ' \\<https://www.amazon.jobs/en-gb/job_categories/software-development\\>']"
cadence design systems,"[' https://cadence.wd1.myworkdayjobs.com/External_Careers', ' \\<https://cadence.wd1.myworkdayjobs.com/External_Careers\\>']"
clevertap,"[' https://clevertap.com/careers/', ' \\<https://clevertap.com/careers/\\>']"
cisco,"[' https://jobs.cisco.com/', ' https://jobs.cisco.com/', ' \\<https://jobs.cisco.com/\\>']"
dunzo,[' https://www.dunzo.com/careers#jobs']
fampay,[' https://apply.fampay.in/']
google,[' https://careers.google.com/']
hackererath,[' https://www.hackerearth.com/careers/']
morgan sanley,[' https://www.morganstanley.com/careers/career-opportunities-search']
ey,[' https://www.ey.com/en_in/careers']
mygate,[' https://mygate.darwinbox.in/ms/candidate/careers']
mcafee,"[' https://careers.mcafee.com/search-jobs', ' \\<https://careers.mcafee.com/search-jobs\\>']"
oracle,"[' https://www.oracle.com/in/corporate/careers/', ' https://www.oracle.com/careers/', ' \\<https://www.oracle.com/in/corporate/careers/\\>']"
microsoft,"[' https://careers.microsoft.com/us/en', ' https://careers.microsoft.com/v2/global/en/home.html', ' \\<https://careers.microsoft.com/us/en\\>']"
phonepe,"[' https://www.phonepe.com/careers/jobs-by-department/engineering/', ' \\<https://www.phonepe.com/careers/jobs-by-department/engineering/\\>']"
pwc,"[' https://www.pwc.com/gx/en/careers/experienced-job-search.html', ' \\<https://www.pwc.com/gx/en/careers/experienced-job-search.html\\>']"
rakuten,"[' https://rakuten.openings.co/#!/joblist', ' \\<https://rakuten.openings.co/#!/joblist\\>']"
razorpay,"[' https://razorpay.com/jobs/#joinus', ' \\<https://razorpay.com/jobs/#joinus\\>']"
sap,"[' https://www.sap.com/india/about/careers.html', ' https://jobs.sap.com/', ' \\<https://www.sap.com/india/about/careers.html\\>']"
media,"[' https://careers.media.net/engineering/', ' \\<https://careers.media.net/engineering/\\>']"
twilio,"[' https://www.twilio.com/company/jobs', ' \\<https://www.twilio.com/company/jobs\\>']"
byjuâ€™s,"[' https://byjus.com/careers-at-byjus/#join-our-team', ' \\<https://byjus.com/careers-at-byjus/#join-our-team\\>']"
intel,"[' https://jobs.intel.com/en', ' \\<https://jobs.intel.com/en\\>']"
mastercard,"[' https://careers.mastercard.com/us/en', ' \\<https://careers.mastercard.com/us/en\\>']"
nvidia,"[' https://www.nvidia.com/en-in/about-nvidia/careers/', ' \\<https://www.nvidia.com/en-in/about-nvidia/careers/\\>']"
myntra,"[' https://careers.myntra.com/jobs/', ' \\<https://careers.myntra.com/jobs/\\>']"
shell,"[' https://www.shell.com/careers.html', ' \\<https://www.shell.com/careers.html\\>']"
siemens,"[' https://jobs.siemens.com/careers?utm_source=j_c_global', ' https://www.siemens.com/global/en/company/jobs.html', ' \\<https://jobs.siemens.com/jobs\\>']"
gap inc,"[' https://www.gapinc.com/en-us/careers', ' \\<https://www.gapinc.com/en-us/careers\\>']"
nike,"[' https://jobs.nike.com/?jobSearch=true&jsOffset=0&jsSort=posting_start_date&jsLanguage=en', ' \\<https://jobs.nike.com/?jobSearch=true&jsOffset=0&jsSort=posting_start_date&jsLanguage=en\\>']"
moodys,"[' https://careers.moodys.com/', ' \\<https://careers.moodys.com/\\>']"
mountblue,"[' https://careers.mountblue.io/', ' \\<https://careers.mountblue.io/\\>']"
zycus,"[' https://www.zycus.com/company/careers/india-careers', ' \\<https://www.zycus.com/company/careers/india-careers\\>']"
appypie,"[' https://careers.appypie.com/careers', ' \\<https://careers.appypie.com/careers\\>']"
tata technologies,"[' https://tatatechnologies.ripplehire.com/candidate/?token=jjZIWXgr7fPCCF6T5yk4&source=CAREERSITE#list', ' \\<https://tatatechnologies.ripplehire.com/candidate/?token=jjZIWXgr7fPCCF6T5yk4&source=CAREERSITE#list\\>']"
trimble,"[' https://trimblecareers.trimble.com/careers', ' \\<https://trimblecareers.trimble.com/careers\\>']"
forcepoint,"[' https://www.forcepoint.com/company/work-with-us', ' \\<https://www.forcepoint.com/company/work-with-us\\>']"
bt group,"[' https://jobs.bt.com/', ' \\<https://jobs.bt.com/\\>']"
ziplr,"[' https://ziplr.hire.trakstar.com/', ' \\<https://ziplr.hire.trakstar.com/\\>']"
volvo,"[' https://www.volvogroup.com/en/careers.html', ' \\<https://www.volvogroup.com/en/careers.html\\>']"
eci,"[' https://www.eci.com/careers', ' \\<https://www.eci.com/careers\\>']"
morgan stanley,"[' https://www.morganstanley.com/people-opportunities/students-graduates', ' \\<https://www.morganstanley.com/people-opportunities/students-graduates\\>']"
moengage,"[' https://www.morganstanley.com/people-opportunities/students-graduates', ' \\<https://www.morganstanley.com/people-opportunities/students-graduates\\>']"
jpmorgan,"[' https://careers.jpmorgan.com/in/en/home', ' \\<https://careers.jpmorgan.com/in/en/home\\>']"
practo,"[' https://practo.app.param.ai/jobs/', ' \\<https://practo.app.param.ai/jobs/\\>']"
boston consulting,"[' https://careers.bcg.com/', ' \\<https://careers.bcg.com/\\>']"
paypal,"[' https://careers.pypl.com/home/', ' \\<https://careers.pypl.com/home/\\>']"
abb,"[' https://careers.abb/global/en/home', ' \\<https://careers.abb/global/en/home\\>']"
mercedes benz,"[' https://www.mercedes-benz.co.in/passengercars/brand/career.html', ' \\<https://www.mercedes-benz.co.in/passengercars/brand/career.html\\>']"
tiger analytics,"[' https://www.tigeranalytics.com/about-us/current-openings/', ' \\<https://www.tigeranalytics.com/about-us/current-openings/\\>']"
hp,"[' https://jobs.hp.com/', ' \\<https://jobs.hp.com/\\>']"
netapp,"[' https://careers.netapp.com/', ' \\<https://careers.netapp.com/\\>']"
airbus,"[' https://www.airbus.com/en/careers', ' \\<https://www.airbus.com/en/careers\\>']"
phenom,"[' https://careers.phenompeople.com/us/en', ' \\<https://careers.phenompeople.com/us/en\\>']"
autodesk,"[' https://www.autodesk.com/careers/overview', ' \\<https://www.autodesk.com/careers/overview\\>']"
salesforce,"[' https://careers.salesforce.com/en/our-locations/asia-pacific/india/?d=cta-rdr-in', ' \\<https://careers.salesforce.com/en/our-locations/asia-pacific/india/\\>']"
goldman sachs,"[' https://www.goldmansachs.com/careers/', ' \\<https://www.goldmansachs.com/careers/\\>']"
hexagon,"[' https://hexagon.com/company/careers', ' \\<https://hexagon.com/company/careers\\>']"
deutsche bank,"[' https://careers.db.com/', ' \\<https://careers.db.com/\\>']"
motorola,"[' https://www.motorolasolutions.com/en_xp/about/careers.html', ' \\<https://www.motorolasolutions.com/en_xp/about/careers.html\\>']"
renault,"[' https://www.renault.co.in/discover-renault/careers.html', ' \\<https://www.renault.co.in/discover-renault/careers.html\\>']"
societe generale,[' https://careers.societegenerale.com/en/search']
atlassians,[' https://www.atlassian.com/company/careers']
netflix,[' https://jobs.netflix.com/']
nissan,[' https://www.nissan.in/corporate/careers.html']
accenture,"[' https://www.accenture.com/in-en/careers', ' \\<https://www.accenture.com/in-en/careers\\>']"
dell,[' https://jobs.dell.com/']
deloitte,[' \\<http://mycareer.deloitte.com/in/en/where-do-you-fit/student\\>']
hcl techologies,[' \\<https://www.hcltech.com/careers/why-hcl-tech\\>']
hewlett packard,[' \\<http://www8.hp.com/us/en/jobs/index.html\\>']
polaris software,[' \\<http://www.polarisft.com/careers/index.asp\\>']
wipro ventures,['https://careers.wipro.com/ventures']
hcl technologies ventures,['https://www.hcltech.com/careers/ventures']
tech mahindra ventures,['https://careers.techmahindra.com/ventures']
cognizant ventures,['https://careers.cognizant.com/ventures']
l&t technology services ventures,['https://careers.lntinfotech.com/ventures']
mindtree ventures,['https://www.mindtree.com/careers/ventures']
hexaware ventures,['https://jobs.hexaware.com/ventures']
niit ventures,['https://careers.niit']
cyient ventures,['https://careers.cyient.com/ventures']
sonata software ventures,['https://www.sonata']
mphasis ventures,['https://careers.mphasis.com/ventures']
birlasoft ventures,['https://www.birlasoft.com/careers/ventures']
igate ventures,['https://careers.igate.com/ventures']
patni computer systems ventures,['https://careers.patni.com/ventures']
syntel ventures,['https://careers.syntelinc.com/ventures']
wns global services ventures,['https://careers.wns.com/ventures']
exl service ventures,['https://careers.exlservice.com/ventures']
hinduja global solutions ventures,['https://careers.hindujaglobalsolutions.com/ventures']
firstsource solutions ventures,['https://careers.firstsource.com/ventures']
intelenet global services ventures,['https://careers.intelenetglobal.com/ventures']
serco global services ventures,['https://careers.serco.com/ventures']
sutherland global services ventures,['https://careers.sutherlandglobal.com/ventures']
aditya birla minacs ventures,['https://careers.adityabirlaminacs.com/ventures']
amdocs india ventures,['https://careers.amdocs.com/ventures']
wipro bpo ventures,['https://careers.wipro.com/bpo/ventures']
hcl bpo ventures,['https://careers.hcltech.com/bpo/ventures']
conneqt business solutions ventures,['https://careers.conneqt.com/ventures']
css corp ventures,['https://careers.csscorp.com/ventures']
3i infotech ventures,['https://careers.3i']
polaris consulting & services ventures,['https://careers.polarisconsulting.com/ventures']
virtusa ventures,['https://careers.virtusa.com/ventures']
kpit technologies ventures,['https://careers.kpit.com/ventures']
persistent systems ventures,['https://careers.persistent.com/ventures']
eclerx ventures,['https://careers.eclerx.com/ventures']
datamatics ventures,['https://careers.datamatics.com/ventures']
mastek ventures,['https://careers.mastek.com/ventures']
rolta india ventures,['https://careers.rolta.com/ventures']
allied digital services ventures,['https://careers.allieddigital.net/ventures']
zenith infotech ventures,['https://careers.zenithinfotech.com/ventures']
ntt data india ventures,['https://careers.nttdata.com/ventures']
fujitsu consulting india ventures,['https://careers.fujitsu.com/ventures']
hitachi consulting india ventures,['https://careers.hitachiconsulting.com/ventures']
